id,x,y,time
1,0.08172170009162764,-1.9917877112762203,02:19:40
2,-4.387604116037259,-2.443818382101806,02:20:30
3,-5.600232891219741,2.3781819290204917,02:20:58
